signal;symbol;side;level;dt_place;traded;arch_status;arch_pnl;T1M/SL1;T1M+БУ/SL1;T1M/SL2;T1M+БУ/SL2;T1M/SL3;T1M+БУ/SL3;T2/SL1;T2+БУ/SL1;T2/SL2;T2+БУ/SL2;T2/SL3;T2+БУ/SL3;T3/SL1;T3+БУ/SL1;T3/SL2;T3+БУ/SL2;T3/SL3;T3+БУ/SL3;best_variant;best_pnl
binance_POLUSDT_resistance_0.09966_20260909_153613;POLUSDT;SHORT;0.09959;2026-09-09 15:36:13;1;closed_sl;0;-0,5;-0,5;-1;-1;-1,5;-1,5;-0,5;-0,5;-1;-1;-1,5;-1,5;-0,5;-0,5;-1;-1;-1,5;-1,5;T1M/SL1;-0,50
binance_FETUSDT_resistance_0.1738_20260914_013259;FETUSDT;SHORT;0.1732;2026-09-14 01:32:59;1;closed_be_filled;0,35;-0,5;-0,5;-1;0,35;-1,5;0,35;-0,5;-0,5;-1;-1;-1,5;-1,5;-0,5;-0,5;-1;-1;-1,5;-1,5;T1M+БУ/SL2;+0,35
binance_1000PEPEUSDT_resistance_0.0035680_20260915_102439;1000PEPEUSDT;SHORT;0.0035615;2026-09-15 10:24:39;1;closed_sl;-1,2;-0,5;-0,5;-1;-1;-1,5;-1,5;-0,5;-0,5;-1;-1;-1,5;-1,5;-0,5;-0,5;-1;-1;-1,5;-1,5;T1M/SL1;-0,50
binance_USELESSUSDT_resistance_0.25840_20260912_091321;USELESSUSDT;SHORT;0.25781;2026-09-12 09:13:21;1;closed_trailing_tp_filled;0,46;0,1361;0,35;0,1361;0,35;0,1361;0,35;-0,5;-0,5;-1;-1;0,0485;0,35;-0,5;-0,5;-1;-1;-1,5;-1,5;T1M+БУ/SL1;+0,35
binance_XMRUSDT_support_484.65_20260902_111144;XMRUSDT;LONG;486.59107;2026-09-02 11:11:44;1;closed_be_filled;0,29;0,5745;0,5745;0,5745;0,5745;0,5745;0,5745;-0,5;-0,5;0,3767;0,3767;0,3767;0,3767;0,159;0,35;0,159;0,35;0,159;0,35;T1M/SL1;+0,57
binance_ZECUSDT_resistance_1216.27_20260915_102439;ZECUSDT;SHORT;1212.01;2026-09-15 10:24:39;1;closed_sl;-1,35;-0,5;-0,5;-1;-1;-1,5;-1,5;-0,5;-0,5;-1;-1;-1,5;-1,5;-0,5;-0,5;-1;-1;-1,5;-1,5;T1M/SL1;-0,50
binance_XRPUSDT_support_1.3171_20260911_190439;XRPUSDT;LONG;1.3184;2026-09-11 19:04:39;1;closed_sl;-1,1;0,1564;0,35;0,1564;0,35;0,1564;0,35;-0,5;-0,5;-1;-1;-1,5;-1,5;-0,5;-0,5;-1;-1;-1,5;-1,5;T1M+БУ/SL1;+0,35
binance_ETCUSDT_support_7.196_20260905_034241;ETCUSDT;LONG;7.203;2026-09-05 03:42:41;1;closed_sl;-1,1;-0,5;0,35;-1;0,35;-1,5;0,35;-0,5;-0,5;-1;-1;-1,5;-1,5;-0,5;-0,5;-1;-1;-1,5;-1,5;T1M+БУ/SL1;+0,35
binance_ICPUSDT_support_2.639_20260913_192928;ICPUSDT;LONG;2.642;2026-09-13 19:29:28;1;closed_sl;-1,1;1,5855;0,35;1,5855;0,35;1,5855;0,35;-0,5;-0,5;-1;-1;-1,5;-1,5;-0,5;-0,5;-1;-1;-1,5;-1,5;T1M/SL1;+1,59
binance_TREEUSDT_resistance_0.04765_20260912_191852;TREEUSDT;SHORT;0.0476;2026-09-12 19:18:52;1;closed_sl;0,36;0,6126;0,35;0,6126;0,35;0,6126;0,35;0,3458;0,35;0,3458;0,35;0,3458;0,35;-0,5;-0,5;-1;-1;-1,5;-1,5;T1M/SL1;+0,61
binance_1000SHIBUSDT_resistance_0.005380_20260914_013259;1000SHIBUSDT;SHORT;0.005371;2026-09-14 01:32:59;1;closed_sl;3,41;3,5695;3,5695;3,5695;3,5695;3,5695;3,5695;3,4797;3,4797;3,4797;3,4797;3,4797;3,4797;3,4617;3,4617;3,4617;3,4617;3,4617;3,4617;T1M/SL1;+3,57
binance_INJUSDT_resistance_6.179_20260914_013259;INJUSDT;SHORT;6.177;2026-09-14 01:32:59;1;closed_sl;0,91;-0,5;0,35;-1;0,35;-1,5;0,35;-0,5;-0,5;-1;-1;-1,5;-1,5;-0,5;-0,5;-1;-1;-1,5;-1,5;T1M+БУ/SL1;+0,35
binance_KATUSDT_support_0.004378_20260910_235633;KATUSDT;LONG;0.004391;2026-09-10 23:56:33;1;closed_sl;-1,3;-0,5;0,35;-1;0,35;-1,5;0,35;-0,5;-0,5;-1;-1;-1,5;-1,5;-0,5;-0,5;-1;-1;-1,5;-1,5;T1M+БУ/SL1;+0,35
binance_SUIUSDT_support_0.7067_20260911_190439;SUIUSDT;LONG;0.7079;2026-09-11 19:04:39;1;closed_trailing_tp_filled;0,66;-0,5;-0,5;0,3985;0,3985;0,3985;0,3985;-0,5;-0,5;0,2993;0,35;0,2993;0,35;-0,5;-0,5;0,1721;0,35;0,1721;0,35;T1M/SL2;+0,40
binance_STRKUSDT_support_0.02957_20260909_213940;STRKUSDT;LONG;0.02961;2026-09-09 21:39:40;1;closed_be_filled;0,3;0,3708;0,35;0,3708;0,35;0,3708;0,35;0,3708;0,35;0,3708;0,35;0,3708;0,35;-0,5;-0,5;0,1341;0,35;0,1341;0,35;T1M/SL1;+0,37
binance_SEIUSDT_resistance_0.05079_20260907_231142;SEIUSDT;SHORT;0.05062;2026-09-07 23:11:42;1;closed_tp;0,91;-0,5;-0,5;-1;-1;-1,5;-1,5;-0,5;-0,5;-1;-1;-1,5;-1,5;-0,5;-0,5;-1;-1;-1,5;-1,5;T1M/SL1;-0,50
binance_ETHFIUSDT_resistance_0.6025_20260907_190913;ETHFIUSDT;SHORT;0.6005;2026-09-07 19:09:13;1;closed_sl;-1,33;-0,5;-0,5;-1;-1;-1,5;-1,5;-0,5;-0,5;-1;-1;-1,5;-1,5;-0,5;-0,5;-1;-1;-1,5;-1,5;T1M/SL1;-0,50
binance_LAUSDT_support_0.06243_20260905_034241;LAUSDT;LONG;0.06246;2026-09-05 03:42:41;1;closed_trailing_tp_filled;0,56;0,1254;0,35;0,1254;0,35;0,1254;0,35;0,0293;0,35;0,0293;0,35;0,0293;0,35;-0,5;0,35;-1;0,35;-1,5;0,35;T1M+БУ/SL1;+0,35
binance_VVVUSDT_resistance_18.537_20260905_034241;VVVUSDT;SHORT;18.518;2026-09-05 03:42:41;1;closed_sl;-1,1;-0,5;-0,5;-1;-1;-1,5;-1,5;-0,5;-0,5;-1;-1;-1,5;-1,5;-0,5;-0,5;-1;-1;-1,5;-1,5;T1M/SL1;-0,50
binance_VIRTUALUSDT_resistance_0.7279_20260902_111144;VIRTUALUSDT;SHORT;0.7258;2026-09-02 11:11:44;1;closed_manual;0;0,2802;0,35;0,2802;0,35;0,2802;0,35;0,0323;0,35;0,0323;0,35;0,0323;0,35;-0,5;0,35;-1;0,35;1,3446;0,35;T3/SL3;+1,34
binance_CRVUSDT_resistance_0.3807_20260905_034241;CRVUSDT;SHORT;0.3799;2026-09-05 03:42:41;1;closed_manual;0;1,4459;1,4459;1,4459;1,4459;1,4459;1,4459;-0,5;-0,5;0,7668;0,7668;0,7668;0,7668;0,9243;0,9243;0,9243;0,9243;0,9243;0,9243;T1M/SL1;+1,45
binance_AAVEUSDT_resistance_135.37_20260902_111144;AAVEUSDT;SHORT;135.1;2026-09-02 11:11:44;1;closed_manual;0;0,0167;0,35;0,0167;0,35;0,0167;0,35;-0,5;-0,5;0,3103;0,35;0,3103;0,35;-0,5;-0,5;0,1919;0,35;0,1919;0,35;T1M+БУ/SL1;+0,35
binance_DOGEUSDT_resistance_0.0932_20260903_160522;DOGEUSDT;SHORT;0.09314;2026-09-03 16:05:22;1;closed_manual;0;-0,5;-0,5;-1;-1;-1,5;-1,5;-0,5;-0,5;-1;-1;1,9738;0,35;1,7732;0,35;1,7732;0,35;1,7732;0,35;T2/SL3;+1,97
binance_SUIUSDT_resistance_0.7960_20260905_034241;SUIUSDT;SHORT;0.7936;2026-09-05 03:42:41;1;closed_manual;0;0,5145;0,35;0,5145;0,35;0,5145;0,35;0,0864;0,35;0,0864;0,35;0,0864;0,35;-0,5;-0,5;0,0105;0,35;0,0105;0,35;T1M/SL1;+0,51
binance_DOTUSDT_resistance_0.8907_20260902_111144;DOTUSDT;SHORT;0.8882;2026-09-02 11:11:44;1;closed_manual;0;0,0803;0,35;0,0803;0,35;0,0803;0,35;-0,5;-0,5;-1;-1;-1,5;-1,5;-0,5;-0,5;-1;-1;-1,5;-1,5;T1M+БУ/SL1;+0,35
binance_UNIUSDT_resistance_6.3745_20260904_021118;UNIUSDT;SHORT;6.37;2026-09-04 02:11:18;1;closed_manual;0;0,6173;0,6173;0,6173;0,6173;0,6173;0,6173;0,3827;0,3827;0,3827;0,3827;0,3827;0,3827;0,2257;0,35;0,2257;0,35;0,2257;0,35;T1M/SL1;+0,62
binance_XMRUSDT_resistance_532.0050_20260904_021118;XMRUSDT;SHORT;531.46;2026-09-04 02:11:18;1;closed_manual;0;-0,5;-0,5;0,6097;1,4078;0,6097;1,4078;0,7016;0,9676;0,7016;0,9676;0,7016;0,9676;0,274;0,35;0,274;0,35;0,274;0,35;T1M+БУ/SL2;+1,41
TOTAL;;;;;;;;3,6;5,76;0,11;5,92;-5,39;2,42;-4,07;-2,92;-7,81;-6,57;-10,29;-10,37;-3,69;-3,02;-9,69;-7,12;-15,35;-14,62;14,56